song name,danceability (0-1),energy (0-1),valence (0-1),tempo (BPM),loudness (Decibels),speechiness (0-1),instrumentalness (0-1),How much we like it  (1-10)
A Hard Rain's A-Gonna Fall,0.567,0.198,0.321,92.467,-18.681,0.0327,0.000871,7
A Horse with No Name,0.654,0.506,0.831,123.179,-17.18,0.0535,0.0155,8
"A Love Supreme, Pt. I – Acknowledgement",0.37,0.586,0.519,121.573,-13.468,0.0581,1.96E-06,9
Ain't No Sunshine featuring Tracy Chapman,0.666,0.421,0.441,79.919,-8.553,0.0421,0.0134,9
Album of the Year - Freestyle,0.705,0.816,0.929,94.211,-7.046,0.32,0,5
All Along the Watchtower,0.438,0.805,0.564,113.253,-6.237,0.0624,5.69E-05,10
All That You Have Is Your Soul,0.571,0.0967,0.518,146.384,-16.315,0.0478,0,8
Aloha,0.6,0.726,0.395,100.075,-5.988,0.166,8.22E-05,5
Alone In My Home,0.6,0.603,0.446,96.024,-9.412,0.0354,0.00146,5
Am I Evil?,0.242,0.973,0.369,148.095,-4.739,0.148,0.82,1
Aminals,0.74,0.698,0.715,95.003,-6.444,0.136,0.751,5
Animal,0.774,0.721,0.654,118.048,-6.662,0.0773,6.49E-06,5
Animus:Anima,0.336,0.733,0.723,169.932,-6.682,0.0624,0.946,4
Another Way to Die,0.541,0.772,0.43,71.201,-3.874,0.136,8.48E-05,5
Archangel,0.407,0.967,0.227,180.027,-7.104,0.0666,0.00142,1
Around and Around,0.52,0.28,0.61,76.636,-11.174,0.0334,0,8
Beauty Into Clichés,0.738,0.54,0.627,132.11,-5.893,0.0487,7.69E-06,10
Believer,0.772,0.775,0.748,124.978,-4.388,0.112,0,5
Better Git It in Your Soul,0.457,0.548,0.76,88.8,-12.486,0.0551,0.00016,7
Blackbird - Remastered 2009,0.686,0.127,0.372,93.699,-14.361,0.0342,1.41E-05,10
Bloodline,0.457,0.977,0.407,100.951,-3.794,0.0968,1.20E-06,1
Boys Latin,0.423,0.858,0.522,90.056,-6.002,0.0564,0.000661,3
BRACKETS,0.678,0.567,0.658,84.039,-9.148,0.261,1.67E-06,4
Burnin' Coal,0.508,0.779,0.893,79.528,-9.032,0.0403,0.298,9
"Capo, 4th Fret",0.416,0.395,0.153,154.567,-8.131,0.0315,0,7
Caravan,0.423,0.748,0.429,104.054,-9.982,0.0807,0.835,9
Casin,0.964,0.662,0.737,104.022,-6.84,0.217,0.0657,4
Coastin',0.811,0.678,0.426,91.976,-7.357,0.0561,0.00123,3
Come and See Me (feat. Drake),0.717,0.347,0.0589,84.987,-10.265,0.0636,2.43E-06,4
Consoler of the Lonely,0.407,0.821,0.61,99.814,-4.987,0.0657,2.06E-06,5
"Corrina, Corrina",0.667,0.209,0.685,95.311,-16.915,0.0358,0.00696,9
Crossroads,0.787,0.255,0.6,105.97,-14.733,0.0399,0.00959,8
Daughter of My Sins,0.711,0.541,0.634,110.164,-7.985,0.0347,0.0296,8
Do for the Others,0.565,0.187,0.101,80.346,-17.895,0.0317,7.15E-05,8
Do The Astral Plane,0.722,0.828,0.275,117.693,-3.227,0.19,0,4
Don't Let Me Down - Remastered 2009,0.593,0.289,0.733,77.119,-11.049,0.0259,0.000829,8
"Don't Think Twice, It's All Right",0.437,0.104,0.544,101.718,-22.533,0.0307,0.00124,9
Drilled to Kill,0.522,0.967,0.284,130.019,-5.218,0.142,0.00438,1
Dust in the Wind,0.475,0.322,0.387,93.503,-10.687,0.0283,0.00056,10
Emotionless,0.414,0.677,0.0853,172.521,-5.12,0.254,0,4
End of the Attention Span,0.36,0.99,0.151,191.99,-4.444,0.17,3.12E-05,1
Eternal,0.332,0.641,0.0504,140.501,-6.382,0.0314,0.00953,1
Everybody Loves The Sunshine,0.822,0.319,0.435,82.995,-11.237,0.0567,0.269,9
F(r)iends,0.625,0.677,0.273,124.016,-9.314,0.131,0,8
Fall to Ascend,0.536,0.987,0.278,130.016,-4.369,0.121,0.414,1
Fast Car,0.711,0.292,0.194,103.951,-15.523,0.037,0,10
Feel It All Around,0.34,0.737,0.499,172.022,-4.681,0.0582,0.762,5
Feels Like Rain,0.572,0.348,0.34,73.303,-13.454,0.0293,0.000731,8
Feels Like We Only Go Backwards,0.303,0.9,0.491,149.508,-2.352,0.0574,0.635,9
Fire and Rain,0.511,0.141,0.306,137.29,-14.047,0.0322,0.000337,10
Fire and Rain - 2019 Remaster,0.597,0.271,0.338,76.271,-17.293,0.0394,0.0119,10
Fletcher's Song In Club,0.869,0.302,0.62,97.997,-22.706,0.112,0.975,7
Florida,0.658,0.897,0.969,139.99,-7.526,0.0316,0.777,5
Foreplay / Long Time,0.436,0.657,0.21,118.693,-8.868,0.0541,0.00748,10
Freedom At 21,0.38,0.763,0.522,160.611,-11.383,0.0465,0.0248,5
FRIENDS (feat. kiLL edward),0.715,0.652,0.498,109.28,-7.909,0.396,0,4
Garden,0.495,0.118,0.228,107.211,-11.065,0.034,8.10E-06,8
Genghis Khan,0.688,0.847,0.453,93.979,-3.238,0.0508,2.81E-06,4
Giraffe,0.548,0.752,0.291,91.971,-6.707,0.0306,0.887,8
"Gloria's Step - Live At The Village Vanguard, 1961 / Take 2",0.5,0.235,0.359,80.2,-21.303,0.041,0.9,8
Going to California - Remaster,0.503,0.265,0.522,78.044,-15.913,0.0333,0.045,8
Gravity,0.764,0.326,0.237,123.98,-9.883,0.0342,0.0013,10
Hallucinations,0.765,0.398,0.348,95.976,-8.993,0.037,8.48E-06,4
Harvest Moon,0.648,0.309,0.407,112.929,-12.432,0.0264,0.000249,8
Heart of Gold - 2009 Remaster,0.541,0.459,0.803,171.165,-10.433,0.0297,0.0274,7
Helplessly Hoping - 2005 Remaster,0.567,0.159,0.436,146.913,-13.648,0.0331,0,10
Here Comes The Sun - Remastered 2009,0.557,0.54,0.394,129.171,-10.484,0.0347,0.00248,8
Hey Jude,0.561,0.385,0.664,81.599,-15.33,0.0323,0.000496,9
High Ball Stepper,0.227,0.635,0.39,170.179,-9.169,0.0754,0.125,5
Hotel California - 2013 Remaster,0.579,0.508,0.609,147.125,-9.484,0.027,0.000494,9
House on a Hill,0.48,0.0729,0.235,111.987,-14.602,0.0559,0,9
Howlin' for You,0.705,0.735,0.448,132.627,-6.646,0.0931,0.0783,5
I Can't Hear You,0.529,0.754,0.422,79.463,-3.167,0.182,0.00598,5
I Say a Little Prayer,0.592,0.355,0.499,133.032,-14.051,0.0352,0,7
If Not For You - Remastered 2014,0.607,0.755,0.867,116.119,-6.886,0.0317,0.00399,8
If You Could Read My Mind,0.612,0.24,0.223,122.565,-12.821,0.033,7.86E-05,8
I'll Have To Say I Love You In A Song,0.536,0.446,0.707,133.785,-14.98,0.029,0.0103,10
I'm a Believer - 2006 Remaster,0.526,0.775,0.962,80.106,-6.05,0.0352,2.05E-05,8
In My Feelings,0.835,0.626,0.35,91.03,-5.833,0.125,6.00E-05,4
It All Feels Right,0.316,0.748,0.256,79.337,-8.187,0.0413,0.0139,5
Kerala,0.529,0.739,0.138,124.75,-9.578,0.0718,0.607,6
KOD,0.823,0.783,0.199,141.882,-6.274,0.154,0,4
Landslide,0.414,0.161,0.423,159.375,-22.32,0.0318,0.000223,8
Lazaretto,0.381,0.838,0.581,118.214,-6.562,0.0709,3.77E-05,5
Lazarus,0.66,0.695,0.506,129.972,-6.896,0.029,0.145,9
Let It Be,0.522,0.149,0.364,124.847,-12.609,0.0334,0,9
Let It Happen,0.602,0.881,0.577,125.012,-5.875,0.0443,0.0266,7
Let's Go,0.482,0.618,0.262,89.445,-5.133,0.0299,6.40E-05,4
Lonely Boy,0.356,0.872,0.607,166.3,-7.837,0.068,0.00975,5
Long Road Out of Eden,0.535,0.398,0.16,82.171,-9.591,0.0318,0.000889,9
Losin Control,0.759,0.245,0.209,96.992,-6.545,0.138,0.000154,5
Love the One You're With,0.609,0.489,0.132,97.163,-12.9,0.0383,0,8
LOVE. FEAT. ZACARI.,0.8,0.585,0.779,126.058,-7.343,0.0924,0,6
Magnets - SG Lewis Remix,0.56,0.418,0.334,175.996,-9.281,0.396,0.000141,5
Mannish Boy,0.568,0.898,0.833,110.824,-8.833,0.0862,0.0787,8
Maximus,0.308,0.953,0.291,118.051,-4.645,0.123,0.00154,1
Missing Pieces,0.454,0.708,0.275,154.548,-10.298,0.0838,0.00433,5
Moanin',0.488,0.476,0.583,110.951,-10.316,0.0497,0.000279,9
Mr. Tambourine Man,0.39,0.31,0.584,177.515,-14.545,0.0676,0,8
Multi-Love,0.784,0.506,0.545,120.141,-5.243,0.0403,0,4
My Arms Were Always Around You,0.643,0.436,0.422,91.485,-12.245,0.0273,0.459,8
Myth,0.448,0.733,0.407,142.008,-6.238,0.0292,0.0425,6
Never Going Back Again - 2004 Remaster,0.654,0.336,0.947,176.083,-12.825,0.0379,0.385,8
New Theory,0.549,0.865,0.355,100.511,-1.827,0.0523,0.189,4
New York's Not My Home,0.511,0.32,0.682,131.228,-15.522,0.0286,0.0269,9
Oh Devil,0.903,0.532,0.701,96.991,-7.188,0.0593,0.0345,4
On Jordan's Stormy Banks,0.563,0.439,0.318,89.357,-10.479,0.037,3.34E-05,9
One of These Nights - 2013 Remaster,0.655,0.606,0.765,110.061,-10.385,0.0285,0.0789,7
Operator (That's Not The Way It Feels),0.692,0.623,0.832,129.966,-6.227,0.0298,3.38E-06,10
Over and Over and Over,0.565,0.849,0.758,123.768,-5.313,0.0926,0.00289,4
Overflow,0.471,0.333,0.124,80.768,-11.857,0.0375,0.000186,4
Paper Planes,0.447,0.848,0.485,172.247,-6.175,0.222,7.45E-05,4
Peace Train,0.61,0.582,0.781,82.492,-10.422,0.044,3.76E-05,7
Photographs & Memories,0.535,0.233,0.466,122.926,-14.728,0.0382,3.98E-05,10
Pin It Down,0.637,0.565,0.689,167.687,-6.864,0.0551,1.03E-05,9
Placid Acid,0.275,0.817,0.345,177.892,-6.598,0.12,0.168,6
Plain Letters,0.764,0.669,0.789,126.6,-7.275,0.0285,2.14E-05,8
Pocket Lint,0.488,0.755,0.467,117.267,-7.276,0.107,0,8
"Poems, Prayers and Promises",0.566,0.182,0.492,145.014,-13.261,0.0375,0,10
Rattle,0.475,0.278,0.157,141.65,-14.99,0.0388,0.0549,9
Rawnald Gregory Erickson the Second,0.9,0.538,0.713,95.508,-7.879,0.0343,0.843,4
Road Trippin',0.378,0.474,0.38,102.379,-8.202,0.0271,0.00138,7
Salute Your Solution,0.266,0.946,0.498,168.461,-2.855,0.171,2.73E-06,5
Save Us All,0.73,0.406,0.656,168.861,-9.847,0.0763,8.69E-05,9
Say Hallelujah,0.85,0.32,0.528,126.226,-10.044,0.0489,0,9
Seven Nation Army,0.726,0.463,0.321,123.881,-7.828,0.0799,0.447,5
Shadow,0.45,0.724,0.595,138.065,-9.569,0.03,0.865,4
Shape Of My Heart,0.537,0.373,0.244,83.936,-10.081,0.0331,0.000915,10
Skin Deep (feat. Derek Trucks),0.576,0.566,0.495,135.104,-6.17,0.0331,3.07E-05,7
Sleepless,0.53,0.688,0.389,175.13,-7.482,0.169,4.91E-05,4
Sometimes I Cry,0.481,0.259,0.541,135.941,-15.444,0.0322,0.798,8
Song In My Head,0.515,0.582,0.641,119.089,-6.226,0.0414,7.09E-05,9
Soul Meets Body,0.621,0.853,0.714,128.142,-5.735,0.0253,3.26E-06,8
Souleater,0.426,0.964,0.406,165.013,-5.235,0.116,0.00129,1
Space is the Place,0.62,0.262,0.414,91.201,-13.878,0.0736,0.925,7
Space Song,0.508,0.788,0.586,147.06,-7.288,0.0296,0.13,5
Speak the Word,0.606,0.513,0.512,99.182,-11.388,0.0261,2.05E-06,9
St. Thomas,0.552,0.509,0.74,112.049,-9.828,0.0428,0.509,8
Stairway to Heaven - Remaster,0.338,0.34,0.197,82.433,-12.049,0.0339,0.0032,9
Stand by Me - Live at the Late Show with David Letterman,0.816,0.144,0.523,99.678,-10.148,0.0398,7.81E-06,9
Stop This Train,0.619,0.437,0.406,89.511,-11.756,0.0314,0.00609,9
Sunset Lover,0.783,0.467,0.236,90.838,-9.474,0.0503,0.809,5
Sunshine On My Shoulders,0.322,0.168,0.259,146.68,-13.893,0.0336,0.000223,9
Take Me to the River,0.786,0.418,0.94,119.101,-11.115,0.0432,0.000158,7
Tell It on the Mountain,0.619,0.261,0.658,116.379,-10.632,0.0357,0,7
That Black Bat Licorice,0.397,0.747,0.766,110.172,-7.677,0.0771,4.68E-05,5
The First Person on Earth,0.522,0.311,0.344,142.205,-10.958,0.0267,6.76E-06,8
The Fox,0.635,0.648,0.889,120.491,-8.462,0.0412,1.64E-05,10
The Great Gig in the Sky,0.275,0.216,0.181,116.388,-13.818,0.0345,0.897,10
The Heart of Life,0.496,0.238,0.349,175.96,-11.026,0.0301,0.0109,8
The in Crowd,0.654,0.726,0.648,142.434,-12.501,0.114,0.153,9
The Less I Know The Better,0.64,0.74,0.785,116.879,-4.083,0.0284,0.00678,6
The Lighthouse's Tale,0.463,0.297,0.301,115.745,-12.147,0.0323,0,9
The Music Scene,0.69,0.656,0.611,99.997,-10.46,0.0753,0.364,6
The Philosopher,0.514,0.712,0.717,127.416,-9.378,0.0429,0.894,9
The Raven Child (feat. Hansi Kürsch & Jorn Lande),0.257,0.915,0.267,101.96,-3.535,0.0659,0,1
The Sound of Silence,0.322,0.28,0.175,85.794,-9.367,0.0281,1.10E-06,9
The Wind Cries Mary,0.499,0.495,0.339,80.086,-10.508,0.0501,0.0286,9
Thinking of You,0.823,0.334,0.656,112.713,-13.296,0.052,0.00192,8
This Is America,0.854,0.463,0.549,120.024,-6.159,0.137,0,5
Time in a Bottle,0.544,0.265,0.7,133.837,-11.952,0.035,0,10
Tired of Being Alone,0.772,0.397,0.617,97.964,-8.585,0.0391,0.00541,8
To Know You Is To Love You,0.872,0.384,0.938,102.597,-16.204,0.0388,0.317,9
Tomorrow's Gonna Be A Brighter Day,0.523,0.663,0.795,167.094,-8.933,0.0478,1.29E-06,10
Too Mean to Die,0.56,0.981,0.237,111.012,-5.445,0.104,0.115,1
Top Yourself,0.505,0.727,0.254,85.899,-5.391,0.058,0.000826,5
Ultralight Beam,0.34,0.26,0.149,90.047,-10.626,0.0425,0,9
Unsung Psalm,0.607,0.11,0.259,120.409,-15.913,0.0376,0,8
Us and Them,0.356,0.302,0.126,72.623,-14.528,0.0346,0.546,10
Walkin' Back to Georgia,0.661,0.518,0.776,127.266,-10.061,0.0319,1.78E-05,10
When I Was Done Dying,0.426,0.815,0.297,195.123,-7.566,0.0666,0.0307,9
Whippin (feat. Felix Snow),0.87,0.502,0.673,82.53,-7.497,0.0549,0.00356,4
Window of My Mind,0.476,0.548,0.289,95,-9.769,0.0339,0.000185,7
Window Pain - Outro,0.719,0.626,0.179,75.032,-9.351,0.397,0,4
You,0.505,0.955,0.655,179.856,-4.84,0.0814,0.835,5
